Player ID,player_name,games,time,goals,xG,assists,xA,shots,key_passes,yellow_cards,red_cards,position,team_title,npg,npxG,xGChain,xGBuildup,points_avg_dist,actual_avg_dist
8260,Erling Haaland,7,630,10,6.0582634806633,0,0.7252968773245811,35,4,1,0,F,Manchester City,9,5.297094643115997,5.588317900896072,0.7489135973155499,85.78770536339087,17.05475356393096
6552,Bryan Mbeumo,7,630,6,2.8736132569611073,0,2.2478057965636253,16,14,2,0,F M,Brentford,5,2.1124444119632244,5.011297639459372,1.5083850417286158,85.78770536339087,17.05475356393096
8497,Cole Palmer,7,606,6,3.2841596640646458,5,4.842091785743833,24,23,3,0,M,Chelsea,5,2.522990707308054,7.751567268744111,1.3913799561560154,85.78770536339087,17.05475356393096
10408,Luis Díaz,7,466,5,3.459167916327715,1,1.3779878756031394,15,10,0,0,M S,Liverpool,5,3.459167916327715,7.5917291939258575,2.918743222951889,85.78770536339087,17.05475356393096
501,Danny Welbeck,7,616,4,3.71456491202116,1,0.5168764814734459,19,8,1,0,F,Brighton,4,3.71456491202116,5.406682580709457,1.8608593568205831,85.78770536339087,17.05475356393096
1250,Mohamed Salah,7,610,4,4.183415651321411,4,2.24532413482666,22,14,0,0,M,Liverpool,3,3.422246813774109,9.642167955636978,4.63437083363533,85.78770536339087,17.05475356393096
4456,Chris Wood,7,583,4,3.425256371498108,0,0.651040056720376,12,2,1,0,F,Nottingham Forest,3,2.6640875339508057,2.90057709813118,0.7209693174809217,85.78770536339087,17.05475356393096
5220,Kai Havertz,7,630,4,5.68936438113451,1,0.9180230423808098,25,5,0,0,F,Arsenal,4,5.68936438113451,6.971312753856182,1.385686457157135,85.78770536339087,17.05475356393096
8865,Ollie Watkins,7,556,4,5.3783760741353035,2,1.2299459353089333,16,7,0,0,F,Aston Villa,4,5.3783760741353035,5.622104600071907,0.5823396220803261,85.78770536339087,17.05475356393096
8868,Liam Delap,7,559,4,2.2103191763162613,0,0.2535342238843441,11,5,2,0,F,Ipswich,4,2.2103191763162613,3.05939069390297,0.9559736773371696,85.78770536339087,17.05475356393096
10048,Nicolas Jackson,7,555,4,5.272956937551498,3,1.0870961993932724,19,7,2,0,F,Chelsea,4,5.272956937551498,6.75066602230072,1.0654395651072264,85.78770536339087,17.05475356393096
11357,Noni Madueke,6,493,4,2.886466428637505,0,0.546117477118969,22,6,0,0,M,Chelsea,4,2.886466428637505,4.017777219414711,1.2610726654529572,85.78770536339087,17.05475356393096
11366,Jhon Durán,7,154,4,2.5164694413542747,0,0.0569250509142875,10,1,1,0,S,Aston Villa,4,2.5164694413542747,2.9784686863422394,1.3330014050006866,85.78770536339087,17.05475356393096
2254,Mateo Kovacic,7,536,3,0.5276163890957832,0,0.2777852490544319,12,8,2,0,M S,Manchester City,3,0.5276163890957832,3.012723322957754,2.538179475814104,85.78770536339087,17.05475356393096
4105,Raúl Jiménez,7,338,3,2.9450791627168655,1,1.6314907297492027,15,6,0,0,F S,Fulham,2,2.183910310268402,4.449446603655815,1.29963368922472,85.78770536339087,17.05475356393096
5786,Yoane Wissa,4,297,3,3.0045496821403503,1,0.3643055185675621,9,4,1,0,F,Brentford,3,3.0045496821403503,4.087041139602661,0.8197058066725731,85.78770536339087,17.05475356393096
6681,Harvey Barnes,7,389,3,1.6856889352202415,1,1.384017899632454,14,6,0,0,F S,Newcastle United,3,1.6856889352202415,3.053466245532036,0.5092799067497253,85.78770536339087,17.05475356393096
6756,Dwight McNeil,7,624,3,0.7842300273478031,2,2.93228940712288,12,22,1,0,M,Everton,3,0.7842300273478031,3.4246035739779472,1.6456925049424171,85.78770536339087,17.05475356393096
7080,Matheus Cunha,7,559,3,2.1099280901253223,0,1.130626492202282,21,10,1,0,M S,Wolverhampton Wanderers,3,2.1099280901253223,3.4156333059072495,1.2253412976861,85.78770536339087,17.05475356393096
10760,Brennan Johnson,7,524,3,3.291470915079117,0,0.5358202457427979,21,6,1,0,F S,Tottenham,3,3.291470915079117,4.7953935116529465,1.395840361714363,85.78770536339087,17.05475356393096
11363,Antoine Semenyo,7,613,3,3.0244927257299423,1,2.03547865152359,31,7,2,0,F M,Bournemouth,3,3.0244927257299423,5.494965463876724,0.5265642814338207,85.78770536339087,17.05475356393096
453,Son Heung-Min,5,450,2,0.9137054327875376,2,1.8791195675730703,7,14,0,0,F,Tottenham,2,0.9137054327875376,4.318417608737946,2.086945056915283,85.78770536339087,17.05475356393096
755,Jamie Vardy,7,588,2,1.727541595697403,0,0.2467178404331207,5,3,2,0,F,Leicester,2,1.727541595697403,1.9742594361305237,0.0,85.78770536339087,17.05475356393096
1679,Dominic Solanke,5,450,2,4.465284913778305,1,0.5228581428527832,13,3,0,0,F,Tottenham,2,4.465284913778305,4.721444442868233,0.9841720685362816,85.78770536339087,17.05475356393096
1776,Jarrod Bowen,7,614,2,1.37489452958107,2,2.511239245533943,15,19,0,0,F M,West Ham,2,1.37489452958107,3.6038765013217926,0.639510553330183,85.78770536339087,17.05475356393096
5555,Dominic Calvert-Lewin,7,604,2,2.7887333668768406,1,0.431667298078537,15,1,1,0,F,Everton,2,2.7887333668768406,1.8754546344280243,0.2905395850539207,85.78770536339087,17.05475356393096
5613,Gabriel,7,630,2,2.4920845590531826,0,0.3396926820278168,11,2,1,0,D,Arsenal,2,2.4920845590531826,2.6314886659383774,2.2766084372997284,85.78770536339087,17.05475356393096
5735,Jean-Philippe Mateta,7,465,2,1.8242800142616031,0,0.5090273935347795,7,7,0,0,F S,Crystal Palace,1,1.0631111171096563,2.3014749977737665,0.7447474785149097,85.78770536339087,17.05475356393096
6674,Rayan Ait Nouri,7,582,2,1.6048302464187143,2,0.9951588958501816,9,9,3,0,D M,Wolverhampton Wanderers,2,1.6048302464187143,3.149332901462913,0.6642567273229361,85.78770536339087,17.05475356393096
6818,James Maddison,7,591,2,2.099719777703285,2,2.3459843397140503,15,13,2,0,M,Tottenham,2,2.099719777703285,5.967802807688713,2.9585370402783155,85.78770536339087,17.05475356393096
6854,Diogo Jota,6,478,2,3.803277149796486,2,0.8164496086537838,14,3,1,0,F,Liverpool,2,3.803277149796486,5.853131428360939,1.7199055701494217,85.78770536339087,17.05475356393096
6937,Georginio Rutter,6,315,2,1.4375724643468857,0,0.4861112833023071,16,4,0,0,F M S,Brighton,2,1.4375724643468857,1.976277694106102,0.4030149653553962,85.78770536339087,17.05475356393096
7230,Emile Smith-Rowe,7,485,2,1.5576376169919968,1,0.8844844400882721,12,6,0,0,M S,Fulham,2,1.5576376169919968,4.203562557697296,2.1764784455299377,85.78770536339087,17.05475356393096
7322,Bukayo Saka,7,585,2,2.7129223346710205,7,6.073503442108631,25,27,1,0,F M,Arsenal,2,2.7129223346710205,6.685765668749809,2.114352058619261,85.78770536339087,17.05475356393096
7365,Lucas Paquetá,7,537,2,1.9698817674070597,0,0.4962936155498028,11,8,1,0,M S,West Ham,1,1.2087129298597574,2.9456626269966364,1.6127996779978275,85.78770536339087,17.05475356393096
7484,Stephy Mavididi,7,386,2,1.4435222744941711,0,0.4317829199135303,6,4,0,0,M S,Leicester,2,1.4435222744941711,2.14831305667758,1.1642150282859802,85.78770536339087,17.05475356393096
7698,Leandro Trossard,7,343,2,1.6491164043545723,0,1.1365916579961777,10,10,0,1,F S,Arsenal,2,1.6491164043545723,3.967742219567299,1.3762318678200245,85.78770536339087,17.05475356393096
7752,Gabriel Martinelli,7,450,2,1.7728253230452538,2,1.9617911204695704,8,11,0,0,F M S,Arsenal,2,1.7728253230452538,4.401284031569958,1.4728244692087171,85.78770536339087,17.05475356393096
7753,James Justin,7,630,2,0.4327024258673191,1,0.4810571633279323,6,3,1,0,D,Leicester,2,0.4327024258673191,1.7951465724036098,1.573166917078197,85.78770536339087,17.05475356393096
8150,Anthony Gordon,7,608,2,2.7966997176408768,0,1.3331596218049526,9,15,0,0,F,Newcastle United,1,1.2743620052933693,2.2602347880601883,0.7026302590966225,85.78770536339087,17.05475356393096
8272,João Pedro,4,281,2,0.957430237904191,0,0.5293770525604486,6,3,1,0,M S,Brighton,2,0.957430237904191,2.1865490935742855,1.1789872646331787,85.78770536339087,17.05475356393096
8288,Tomas Soucek,7,459,2,2.5912737660109997,0,0.4661024510860443,16,9,2,0,M S,West Ham,2,2.5912737660109997,3.8042237907648087,0.9807333443313836,85.78770536339087,17.05475356393096
9667,Amadou Onana,6,447,2,1.3526869267225266,0,0.0470345839858055,6,1,2,0,M,Aston Villa,2,1.3526869267225266,2.773253433406353,2.5473887026309967,85.78770536339087,17.05475356393096
11070,Jørgen Strand Larsen,7,584,2,1.4044700972735882,1,1.1669492181390524,9,3,0,0,F,Wolverhampton Wanderers,2,1.4044700972735882,2.734441850334406,0.7377855442464352,85.78770536339087,17.05475356393096
11362,Facundo Buonanotte,6,379,2,1.2212695255875587,2,1.2551833353936672,8,6,2,0,F M S,Leicester,2,1.2212695255875587,2.0181600637733936,0.8651784062385559,85.78770536339087,17.05475356393096
76,Fabian Schär,5,387,1,0.2339784167706966,0,0.0,6,0,2,1,D,Newcastle United,1,0.2339784167706966,1.311842828989029,1.168222151696682,85.78770536339087,17.05475356393096
87,Joelinton,7,573,1,1.1966950446367264,0,0.482227623462677,11,7,4,0,M,Newcastle United,1,1.1966950446367264,3.242619775235653,1.9970950707793236,85.78770536339087,17.05475356393096
447,Kevin De Bruyne,4,360,1,0.98367041349411,1,2.120722249150276,14,16,1,0,M,Manchester City,1,0.98367041349411,3.3418755531311035,1.6099160313606262,85.78770536339087,17.05475356393096
500,Alex Iwobi,7,594,1,1.279699711129069,1,2.47061257250607,10,13,0,0,D F M,Fulham,1,1.279699711129069,5.824424475431442,2.36390520632267,85.78770536339087,17.05475356393096
531,Michail Antonio,7,441,1,2.017003295943141,1,0.7748880088329315,14,3,1,0,F S,West Ham,1,2.017003295943141,3.427177984267473,1.4732943382114172,85.78770536339087,17.05475356393096
556,Marcus Rashford,7,497,1,0.4683775603771209,0,1.4725926332175732,6,6,1,0,M S,Manchester United,1,0.4683775603771209,2.867916449904442,1.5439071152359247,85.78770536339087,17.05475356393096
586,John Stones,4,138,1,0.5690616369247437,0,0.0,1,0,1,0,D S,Manchester City,1,0.5690616369247437,0.4497101046144962,0.4497101046144962,85.78770536339087,17.05475356393096
900,Adama Traoré,7,568,1,3.4366918951272964,2,2.1096935719251633,16,12,2,0,F M,Fulham,1,3.4366918951272964,7.176292262971401,1.71032390370965,85.78770536339087,17.05475356393096
922,Andreas Pereira,7,561,1,1.0807175524532795,0,1.4017791841179132,11,23,2,0,M,Fulham,1,1.0807175524532795,3.522570885717869,2.172709360718727,85.78770536339087,17.05475356393096
986,Danny Ings,3,23,1,0.5132454335689545,0,0.0,2,0,0,0,S,West Ham,1,0.5132454335689545,0.5132454335689545,0.0,85.78770536339087,17.05475356393096
1299,Mario Lemina,7,630,1,0.9723095148801804,1,0.3538446128368377,9,4,2,0,M,Wolverhampton Wanderers,1,0.9723095148801804,2.6791942194104195,1.8626317009329796,85.78770536339087,17.05475356393096
1653,Michael Keane,6,540,1,0.5063897538930178,0,0.1236345618963241,5,1,2,0,D,Everton,1,0.5063897538930178,0.9522970207035542,0.9432173557579516,85.78770536339087,17.05475356393096
1789,Lewis Cook,7,630,1,0.6257697194814682,2,1.8936692997813225,5,13,3,0,M,Bournemouth,1,0.6257697194814682,3.403312921524048,2.327573448419571,85.78770536339087,17.05475356393096
2328,Thomas Partey,7,625,1,0.2076045870780944,0,0.2472169436514377,5,5,2,0,D M,Arsenal,1,0.2076045870780944,4.29521930962801,3.9324306026101112,85.78770536339087,17.05475356393096
3300,Christopher Nkunku,7,112,1,1.8445876240730288,0,0.275710005313158,4,4,0,0,M S,Chelsea,1,1.8445876240730288,2.4056012332439423,0.3733464106917381,85.78770536339087,17.05475356393096
5232,Alexander Isak,5,408,1,1.2649062983691692,1,0.6208376660943031,11,4,0,0,F,Newcastle United,1,1.2649062983691692,2.0034062415361404,0.2499202638864517,85.78770536339087,17.05475356393096
5609,Yves Bissouma,4,195,1,0.0567831993103027,0,0.1042985469102859,1,2,2,0,M S,Tottenham,1,0.0567831993103027,1.47191159427166,1.3971835523843763,85.78770536339087,17.05475356393096
6326,Ibrahima Konaté,7,571,1,0.3115290999412536,1,0.3072100970894098,5,2,2,0,D S,Liverpool,1,0.3115290999412536,7.009989440441132,6.989650249481201,85.78770536339087,17.05475356393096
6456,Callum Hudson-Odoi,7,493,1,0.5539875701069832,0,1.1338398307561874,9,12,1,0,M S,Nottingham Forest,1,0.5539875701069832,3.12709242105484,2.056708935648203,85.78770536339087,17.05475356393096
6492,Reiss Nelson,5,70,1,0.5505199432373047,1,0.4122430011630058,3,2,1,0,S,"Arsenal,Fulham",1,0.5505199432373047,1.5824724808335304,0.9568254128098488,85.78770536339087,17.05475356393096
6691,Dejan Kulusevski,7,530,1,1.487577199935913,1,2.1139728501439095,12,21,2,0,F M S,Tottenham,1,1.487577199935913,4.860612012445927,1.6693804040551186,85.78770536339087,17.05475356393096
6857,Morgan Gibbs-White,6,518,1,1.0954413060098886,0,1.4986595809459686,13,12,1,1,M,Nottingham Forest,1,1.0954413060098886,3.275559365749359,2.1014544777572155,85.78770536339087,17.05475356393096
6912,Pedro Porro,7,630,1,0.5243855565786362,0,1.089570865035057,12,13,1,0,D,Tottenham,1,0.5243855565786362,3.442494995892048,2.4837786946445704,85.78770536339087,17.05475356393096
7083,Christian Nørgaard,5,441,1,0.7971405982971191,0,0.1175899021327495,7,3,1,0,M,Brentford,1,0.7971405982971191,1.492451075464487,0.8937495462596416,85.78770536339087,17.05475356393096
7218,Cristian Romero,7,630,1,1.1542191822081804,0,0.3848811779171228,9,3,0,0,D,Tottenham,1,1.1542191822081804,2.6399727910757065,2.506826341152191,85.78770536339087,17.05475356393096
7603,Marc Guehi,7,630,1,0.4970260262489319,0,0.0356262745335698,1,3,1,0,D,Crystal Palace,1,0.4970260262489319,2.004849309101701,2.004849309101701,85.78770536339087,17.05475356393096
7726,Ezri Konsa Ngoyo,7,551,1,0.4062995910644531,0,0.0388555265963077,2,1,0,0,D,Aston Villa,1,0.4062995910644531,3.1142615750432014,2.7345733419060707,85.78770536339087,17.05475356393096
7762,Jean-Ricner Bellegarde,7,428,1,0.2566567454487085,1,0.2970369830727577,5,5,1,0,M S,Wolverhampton Wanderers,1,0.2566567454487085,1.525549978017807,1.124206056818366,85.78770536339087,17.05475356393096
7892,João Félix,5,101,1,0.6748445834964514,0,0.0269809924066066,7,1,1,0,S,Chelsea,1,0.6748445834964514,0.9444189909845592,0.2831444460898638,85.78770536339087,17.05475356393096
7902,Matthijs de Ligt,7,403,1,1.1100782826542854,0,0.0192633774131536,6,1,1,0,D S,Manchester United,1,1.1100782826542854,1.1337772756814957,1.061034008860588,85.78770536339087,17.05475356393096
8044,Joshua Zirkzee,7,386,1,2.523679170757532,0,0.559780590236187,9,5,1,0,F S,Manchester United,1,2.523679170757532,3.4076493233442307,0.3766416311264038,85.78770536339087,17.05475356393096
8127,Amad Diallo Traore,6,335,1,0.4856480536982417,1,0.9716143067926168,6,12,1,0,M S,Manchester United,1,0.4856480536982417,2.7531852163374424,1.7787790931761265,85.78770536339087,17.05475356393096
8129,Riccardo Calafiori,5,294,1,0.5488381497561932,0,0.0809167623519897,4,2,1,0,D S,Arsenal,1,0.5488381497561932,1.778080366551876,1.738560751080513,85.78770536339087,17.05475356393096
8495,Taylor Harwood-Bellis,7,501,1,1.0352020412683487,0,0.2767896689474582,4,4,2,0,D S,Southampton,1,1.0352020412683487,1.1127087473869324,1.044296346604824,85.78770536339087,17.05475356393096
8646,Wout Faes,7,630,1,0.6745065115392208,0,0.0192568060010671,4,1,1,0,D,Leicester,1,0.6745065115392208,1.312831069342792,1.2473712479695678,85.78770536339087,17.05475356393096
8706,Eberechi Eze,7,630,1,2.6523344069719315,0,1.1114064529538157,27,14,0,0,F M,Crystal Palace,1,2.6523344069719315,3.707318712025881,1.2117840684950352,85.78770536339087,17.05475356393096
8981,Jéremy Doku,6,350,1,0.2884640246629715,0,0.9194974433630704,6,6,0,0,F M S,Manchester City,1,0.2884640246629715,2.6461517177522182,1.5898261666297913,85.78770536339087,17.05475356393096
9307,Iliman Ndiaye,7,489,1,0.8240225240588188,0,0.510427812114358,6,5,1,0,M S,Everton,1,0.8240225240588188,2.8667693957686424,1.9372883439064024,85.78770536339087,17.05475356393096
9501,Fabio Carvalho,7,228,1,0.8210395649075508,1,0.5770240947604179,3,3,0,0,F S,Brentford,1,0.8210395649075508,2.04841485619545,0.6503511816263199,85.78770536339087,17.05475356393096
9662,Dango Ouattara,6,264,1,1.716826006770134,1,1.223466282710433,5,4,0,0,M S,Bournemouth,1,1.716826006770134,2.70158851146698,0.7525083441287279,85.78770536339087,17.05475356393096
9678,Ethan Pinnock,7,630,1,0.3059110445901751,0,0.0,7,0,1,0,D,Brentford,1,0.3059110445901751,1.489770128391683,1.476104293949902,85.78770536339087,17.05475356393096
9733,Nathan Collins,7,630,1,1.0353105291724205,0,0.0,7,0,1,0,D,Brentford,1,1.0353105291724205,2.1519995043054223,2.0609515914693475,85.78770536339087,17.05475356393096
9790,Josko Gvardiol,7,579,1,0.6027395278215408,0,0.4618076402693987,9,3,0,0,D S,Manchester City,1,0.6027395278215408,5.59972482919693,4.657396376132965,85.78770536339087,17.05475356393096
9912,Cameron Archer,7,275,1,3.1408351585268974,0,0.0,9,0,0,0,F S,Southampton,1,2.379666291177273,2.6922116931527853,0.5698414649814367,85.78770536339087,17.05475356393096
10527,Carlos Baleba,6,428,1,0.7196655217558146,1,0.1471024174243211,12,4,1,0,M S,Brighton,1,0.7196655217558146,2.517606306821108,1.765556652098894,85.78770536339087,17.05475356393096
10552,Alejandro Garnacho,7,409,1,2.4106182977557182,1,0.3649296481162309,14,6,1,0,M S,Manchester United,1,2.4106182977557182,3.240765232592821,0.5768569093197584,85.78770536339087,17.05475356393096
10586,Tyler Dibling,7,372,1,0.6893886290490627,0,1.0225187949836254,7,7,2,0,F M S,Southampton,1,0.6893886290490627,2.693218342959881,1.1574885174632072,85.78770536339087,17.05475356393096
10717,Rodrigo Muniz,7,292,1,1.453753098845482,1,0.620203010737896,14,5,0,0,F S,Fulham,1,1.453753098845482,2.3374494202435017,0.4845654629170894,85.78770536339087,17.05475356393096
10720,Darwin Núñez,4,127,1,0.3857312425971031,0,0.015777239575982,4,1,0,0,F S,Liverpool,1,0.3857312425971031,0.7997655663639307,0.3982570767402649,85.78770536339087,17.05475356393096
10741,Marcus Tavernier,7,611,1,2.6425073482096195,1,1.6390241757035255,18,18,1,0,M,Bournemouth,1,2.6425073482096195,6.452880993485451,3.0913598835468292,85.78770536339087,17.05475356393096
10806,Kaoru Mitoma,7,629,1,2.5836033262312412,2,2.3096257001161575,13,10,0,0,F M,Brighton,1,2.5836033262312412,5.4714026004076,1.6360105350613594,85.78770536339087,17.05475356393096
10866,Luis Sinisterra,7,177,1,1.6596052329987288,1,1.237250255420804,12,7,0,0,M S,Bournemouth,1,1.6596052329987288,2.3513959273695946,0.0114253750070929,85.78770536339087,17.05475356393096
11269,Jack Hinshelwood,7,611,1,0.5028707310557365,0,0.1783577632158994,5,6,1,0,D M,Brighton,1,0.5028707310557365,1.9439740031957624,1.509575515985489,85.78770536339087,17.05475356393096
11710,Simon Adingra,5,131,1,0.4186023883521557,1,0.4666984025388956,5,2,0,0,M S,Brighton,1,0.4186023883521557,0.525597894564271,0.2218693625181913,85.78770536339087,17.05475356393096
12027,Mohammed Kudus,7,584,1,2.5188086703419685,0,1.042060848325491,20,5,0,0,F M,West Ham,1,2.5188086703419685,4.371971935033798,1.2549270614981651,85.78770536339087,17.05475356393096
12412,Morgan Rogers,7,607,1,1.4445764422416687,2,2.2380330860614777,13,10,1,0,F M,Aston Villa,1,1.4445764422416687,5.937482595443726,3.0762935802340508,85.78770536339087,17.05475356393096
12748,Sam Morsy,7,628,1,0.1815538741648197,0,0.2156623639166355,5,4,4,0,M,Ipswich,1,0.1815538741648197,1.686445489525795,1.584160321392119,85.78770536339087,17.05475356393096
12752,Sammie Szmodics,7,316,1,1.3434623405337334,0,0.0537302680313587,5,1,1,0,M S,Ipswich,1,1.3434623405337334,1.3434623405337334,0.0,85.78770536339087,17.05475356393096
12759,Yankuba Minteh,7,407,1,0.950880952179432,1,1.358094573020935,7,8,2,0,M S,Brighton,1,0.950880952179432,3.3171145617961884,1.3207888584583998,85.78770536339087,17.05475356393096
12761,Yukinari Sugawara,7,573,1,0.1616166681051254,0,2.214015942066908,5,8,1,0,D,Southampton,1,0.1616166681051254,1.3532873541116714,0.7086788713932037,85.78770536339087,17.05475356393096
12963,Evanilson,6,452,1,2.7676693871617317,0,0.5803622975945473,14,3,0,0,F,Bournemouth,1,2.0065005272626877,2.457707107067108,0.3543755356222391,85.78770536339087,17.05475356393096
13021,Ramón Sosa,3,48,1,0.4939419440925121,0,0.1807842254638672,2,2,0,0,S,Nottingham Forest,1,0.4939419440925121,0.6747261732816696,0.0,85.78770536339087,17.05475356393096
65,Timo Werner,5,192,0,0.7377497404813766,1,0.1705956682562828,4,2,0,0,F S,Tottenham,0,0.7377497404813766,1.449401492252946,0.6203064117580652,85.78770536339087,17.05475356393096
111,Jannik Vestergaard,2,180,0,0.0112053835764527,0,0.0,1,0,1,0,D,Leicester,0,0.0112053835764527,0.0739603042602539,0.0739603042602539,85.78770536339087,17.05475356393096
181,Bernd Leno,7,630,0,0.0,0,0.0,0,0,2,0,GK,Fulham,0,0.0,2.7983572483062744,2.7983572483062744,85.78770536339087,17.05475356393096
314,Ilkay Gündogan,6,371,0,0.9714217111468316,0,0.5808095932006836,8,10,0,0,M S,Manchester City,0,0.9714217111468316,3.4646290838718414,2.7382692694664,85.78770536339087,17.05475356393096
486,Adam Lallana,4,106,0,0.1523155756294727,2,0.5023982785642147,3,2,2,0,M S,Southampton,0,0.1523155756294727,1.4714198410511017,0.9447053968906404,85.78770536339087,17.05475356393096
489,James Milner,3,176,0,0.1920489966869354,0,0.2607630733400583,2,4,1,0,M,Brighton,0,0.1920489966869354,0.5119482576847076,0.2050254121422767,85.78770536339087,17.05475356393096
534,Aaron Cresswell,3,20,0,0.03984160348773,0,0.0210413821041584,1,1,0,0,S,West Ham,0,0.03984160348773,0.0841361433267593,0.0841361433267593,85.78770536339087,17.05475356393096
579,Nathan Aké,1,1,0,0.0,0,0.0,0,0,0,0,S,Manchester City,0,0.0,0.0,0.0,85.78770536339087,17.05475356393096
585,Seamus Coleman,1,90,0,0.4752198457717895,0,0.0,1,0,0,0,D,Everton,0,0.4752198457717895,1.1356315612792969,0.6604117155075073,85.78770536339087,17.05475356393096
592,Ross Barkley,6,186,0,0.1263688998296857,1,0.2481704000383615,4,4,2,0,M S,Aston Villa,0,0.1263688998296857,1.534981713630259,1.4826829731464386,85.78770536339087,17.05475356393096
603,Nathaniel Clyne,3,231,0,0.010468304157257,0,0.0,1,0,0,0,D S,Crystal Palace,0,0.010468304157257,0.7628335356712341,0.7628335356712341,85.78770536339087,17.05475356393096
618,Raheem Sterling,3,83,0,0.2359183430671692,0,0.0441930890083313,2,1,0,0,M S,Arsenal,0,0.2359183430671692,0.3315956182777881,0.0514841862022876,85.78770536339087,17.05475356393096
631,Ashley Young,5,430,0,0.0,2,0.2882154807448387,0,5,1,1,D,Everton,0,0.0,0.8945544958114624,0.6561957076191902,85.78770536339087,17.05475356393096
635,Alex McCarthy,2,180,0,0.0,0,0.0,0,0,0,0,GK,Southampton,0,0.0,0.4999673590064049,0.4999673590064049,85.78770536339087,17.05475356393096
638,Kyle Walker,5,295,0,0.1098661832511425,0,0.4305103197693825,5,4,0,0,D S,Manchester City,0,0.1098661832511425,2.64016717672348,2.4940529465675354,85.78770536339087,17.05475356393096
646,Christian Eriksen,5,256,0,0.0,0,1.420653622597456,0,8,2,0,M S,Manchester United,0,0.0,2.331872103735805,2.164021909236908,85.78770536339087,17.05475356393096
652,Kieran Trippier,5,284,0,0.0600954256951808,0,0.1524757146835327,1,2,0,0,D S,Newcastle United,0,0.0600954256951808,1.4183968156576157,1.3583014011383057,85.78770536339087,17.05475356393096
668,Idrissa Gueye,6,374,0,0.5958392741158605,0,0.0,6,0,0,0,M S,Everton,0,0.5958392741158605,1.0895379427820444,0.4936986714601517,85.78770536339087,17.05475356393096
672,Jordan Ayew,7,377,0,1.0197725128382444,0,0.0862677721306681,7,3,3,0,M S,"Crystal Palace,Leicester",0,1.0197725128382444,1.2496311143040657,0.7720463071018457,85.78770536339087,17.05475356393096
675,Jack Grealish,6,325,0,0.4532033205032348,1,0.8676509046927094,6,12,2,0,M S,Manchester City,0,0.4532033205032348,3.361936911940574,2.205548100173474,85.78770536339087,17.05475356393096
706,Lukasz Fabianski,1,42,0,0.0,0,0.0,0,0,0,0,S,West Ham,0,0.0,0.0,0.0,85.78770536339087,17.05475356393096
725,Ola Aina,7,605,0,0.0517494855448603,0,0.7769139036536217,3,4,1,0,D,Nottingham Forest,0,0.0517494855448603,2.035505522042513,1.8987807054072616,85.78770536339087,17.05475356393096
741,Jordan Pickford,7,630,0,0.0,0,0.0,0,0,1,0,GK,Everton,0,0.0,0.8707524836063385,0.8707524836063385,85.78770536339087,17.05475356393096
757,Jeffrey Schlupp,5,27,0,0.0510977618396282,0,0.3177528977394104,1,1,0,0,S,Crystal Palace,0,0.0510977618396282,0.4502890035510063,0.0814383444376289,85.78770536339087,17.05475356393096
804,Craig Dawson,6,378,0,0.1103531494736671,0,0.0697851851582527,2,2,1,0,D S,Wolverhampton Wanderers,0,0.1103531494736671,0.9831167738884689,0.9709865730255842,85.78770536339087,17.05475356393096
807,Jonny Evans,3,107,0,0.0557727627456188,0,0.0,1,0,0,0,D S,Manchester United,0,0.0557727627456188,0.0848499778658151,0.0848499778658151,85.78770536339087,17.05475356393096
825,Adam Smith,7,336,0,0.0,0,0.0697761848568916,0,1,1,0,D S,Bournemouth,0,0.0,1.571842331439257,1.5020661540329456,85.78770536339087,17.05475356393096
833,Virgil van Dijk,7,630,0,0.1189492587000131,0,0.3870267421007156,4,2,1,0,D,Liverpool,0,0.1189492587000131,4.815109595656395,4.4280827939510345,85.78770536339087,17.05475356393096
843,James Ward-Prowse,5,309,0,0.0595768997445702,0,0.0515516884624958,2,1,0,1,M S,"Nottingham Forest,West Ham",0,0.0595768997445702,1.122050573118031,1.0553308725357056,85.78770536339087,17.05475356393096
885,Kyle Walker-Peters,5,445,0,0.3804899659007787,0,0.0112995291128754,7,1,1,0,D,Southampton,0,0.3804899659007787,1.6387394405901432,1.3836621455848217,85.78770536339087,17.05475356393096
910,Harrison Reed,6,33,0,0.0,0,0.0789679586887359,0,1,2,0,S,Fulham,0,0.0,0.2145950347185135,0.2145950347185135,85.78770536339087,17.05475356393096
934,Axel Tuanzebe,6,519,0,0.337050199508667,0,0.5693965200334787,3,3,1,0,D,Ipswich,0,0.337050199508667,1.6188801638782024,1.0954352132976055,85.78770536339087,17.05475356393096
971,Harry Winks,6,540,0,0.0159554351121187,0,0.3297408018261194,1,6,1,0,M,Leicester,0,0.0159554351121187,0.5929822204634547,0.57702677231282,85.78770536339087,17.05475356393096
978,Sam Johnstone,5,450,0,0.0,0,0.0490641593933105,0,1,0,0,GK,Wolverhampton Wanderers,0,0.0,0.4105724357068538,0.4105724357068538,85.78770536339087,17.05475356393096
985,Mason Holgate,1,1,0,0.0,0,0.0,0,0,0,0,S,Everton,0,0.0,0.0,0.0,85.78770536339087,17.05475356393096
987,Joseph Gomez,1,1,0,0.0,0,0.0,0,0,0,0,S,Liverpool,0,0.0,0.0,0.0,85.78770536339087,17.05475356393096
1228,Bruno Fernandes,7,571,0,1.8072241824120283,1,1.0401346385478971,18,6,1,1,F M,Manchester United,0,1.8072241824120283,4.368414014577866,2.6252277195453644,85.78770536339087,17.05475356393096
1245,Emerson,7,518,0,0.1093356497585773,0,0.2470770962536335,2,5,2,0,D,West Ham,0,0.1093356497585773,1.332646980881691,1.1610029991716146,85.78770536339087,17.05475356393096
1257,Alisson,6,531,0,0.0,0,0.0,0,0,0,0,GK,Liverpool,0,0.0,3.1046004369854927,3.1046004369854927,85.78770536339087,17.05475356393096
1297,Neto,2,180,0,0.0,0,0.0,0,0,0,0,GK,Bournemouth,0,0.0,0.4283316135406494,0.4283316135406494,85.78770536339087,17.05475356393096
1389,Jorginho,2,154,0,0.0369892157614231,0,0.0594993941485881,1,1,1,0,M,Arsenal,0,0.0369892157614231,0.4208540022373199,0.3838647902011871,85.78770536339087,17.05475356393096
1433,Federico Chiesa,1,15,0,0.4207505583763122,0,0.0,2,0,0,0,S,Liverpool,0,0.4207505583763122,0.6185906529426575,0.1978400945663452,85.78770536339087,17.05475356393096
1537,Sasa Lukic,7,558,0,0.0,0,0.6170338205993176,0,4,4,0,M,Fulham,0,0.0,3.197077676653862,2.9902655631303787,85.78770536339087,17.05475356393096
1545,Emil Krafth,3,241,0,0.0276889540255069,0,0.0589407011866569,1,1,0,0,D S,Newcastle United,0,0.0276889540255069,0.7825783044099808,0.7825783044099808,85.78770536339087,17.05475356393096
1654,Ben Mee,1,1,0,0.0,0,0.0,0,0,0,0,S,Brentford,0,0.0,0.0,0.0,85.78770536339087,17.05475356393096
1665,James Tarkowski,7,630,0,0.5938724880106747,0,0.2490932866930961,6,3,1,0,D,Everton,0,0.5938724880106747,1.3621433824300766,1.3264610543847084,85.78770536339087,17.05475356393096
1683,Ryan Fraser,3,132,0,0.0251516010612249,0,0.0,1,0,0,0,M S,Southampton,0,0.0251516010612249,1.1264604851603508,1.1013088822364807,85.78770536339087,17.05475356393096
1687,Harry Maguire,5,239,0,0.0537821650505065,0,0.0218639876693487,1,1,3,0,D S,Manchester United,0,0.0537821650505065,0.7484291791915894,0.7265651971101761,85.78770536339087,17.05475356393096
1688,Andrew Robertson,7,525,0,0.5348606295883656,0,1.2690235301852226,3,9,1,0,D S,Liverpool,0,0.5348606295883656,5.56512613222003,4.939745970070362,85.78770536339087,17.05475356393096
1726,Abdoulaye Doucouré,6,403,0,0.2531924806535244,0,0.0663391747511923,3,4,0,0,M S,Everton,0,0.2531924806535244,0.8794550970196724,0.6835579872131348,85.78770536339087,17.05475356393096
1735,Jack Stephens,4,353,0,0.1356502920389175,0,0.0271818041801452,1,1,1,1,D,Southampton,0,0.1356502920389175,0.4889844730496406,0.4889844730496406,85.78770536339087,17.05475356393096
1791,Trent Alexander-Arnold,7,593,0,0.3131697047501802,1,3.083241254091263,8,16,2,0,D,Liverpool,0,0.3131697047501802,5.118621215224266,3.202332980930805,85.78770536339087,17.05475356393096
1823,Lucas Digne,7,552,0,0.0524974018335342,2,2.145954839885235,1,6,1,0,D,Aston Villa,0,0.0524974018335342,2.9497141242027283,2.645248681306839,85.78770536339087,17.05475356393096
2182,Jefferson Lerma,5,300,0,0.0598131073638796,0,0.7134236320853233,4,3,2,0,D M S,Crystal Palace,0,0.0598131073638796,1.1577929225750268,1.0759171401150525,85.78770536339087,17.05475356393096
2199,Pablo Sarabia,2,18,0,0.0475410893559455,0,0.0,2,0,0,0,S,Wolverhampton Wanderers,0,0.0475410893559455,0.0637490823864936,0.0162079948931932,85.78770536339087,17.05475356393096
2203,Emiliano Buendía,3,5,0,0.1290284693241119,0,0.0,1,0,0,0,S,Aston Villa,0,0.1290284693241119,0.1135372444987297,0.1135372444987297,85.78770536339087,17.05475356393096
2248,Casemiro,6,273,0,0.275230161845684,0,0.9364260658621788,8,6,0,0,M S,Manchester United,0,0.275230161845684,2.4389672204852104,1.503949150443077,85.78770536339087,17.05475356393096
2310,Alphonse Areola,7,588,0,0.0,0,0.0,0,0,0,0,GK,West Ham,0,0.0,0.6500820368528366,0.6500820368528366,85.78770536339087,17.05475356393096
2478,Carlos Soler,4,113,0,0.1869024615734815,0,0.0501043982803821,4,1,2,0,S,West Ham,0,0.1869024615734815,0.3038360625505447,0.0970709435641765,85.78770536339087,17.05475356393096
2496,Rodri,2,59,0,0.0,0,0.0520608685910701,0,1,0,0,M S,Manchester City,0,0.0,1.4455500841140747,1.4455500841140747,85.78770536339087,17.05475356393096
2517,Martin Odegaard,3,258,0,0.8103491570800543,0,0.5694304332137108,3,5,1,0,M,Arsenal,0,0.8103491570800543,1.950929969549179,0.9521924331784248,85.78770536339087,17.05475356393096
2958,Oleksandr Zinchenko,2,76,0,0.0,0,0.0,0,0,0,0,D S,Arsenal,0,0.0,0.870730459690094,0.870730459690094,85.78770536339087,17.05475356393096
3203,Issa Diop,5,276,0,0.0801490172743797,0,0.0553504973649978,1,1,0,0,D S,Fulham,0,0.0801490172743797,1.1789806336164474,1.1789806336164474,85.78770536339087,17.05475356393096
3278,Maxwel Cornet,2,71,0,0.0751236081123352,0,0.0,1,0,1,0,M S,Southampton,0,0.0751236081123352,0.0751236081123352,0.0,85.78770536339087,17.05475356393096
3635,Bernardo Silva,7,541,0,1.1733876019716265,3,2.608019784092903,11,19,2,0,M S,Manchester City,0,1.1733876019716265,4.35857106000185,2.079606771469116,85.78770536339087,17.05475356393096
3697,Odsonne Edouard,5,130,0,0.325688287615776,0,0.105933329090476,5,2,0,0,M S,"Crystal Palace,Leicester",0,0.325688287615776,0.6215433776378632,0.189921760931611,85.78770536339087,17.05475356393096
4120,Álex Moreno,4,302,0,0.0625359397381544,0,0.0,2,0,1,0,D,Nottingham Forest,0,0.0625359397381544,0.2561984285712242,0.2561984285712242,85.78770536339087,17.05475356393096
4401,Emiliano Martinez,7,630,0,0.0,0,0.0,0,0,1,0,GK,Aston Villa,0,0.0,0.3480599708855152,0.3480599708855152,85.78770536339087,17.05475356393096
4419,Adam Armstrong,5,231,0,0.7488712817430496,0,0.072511613368988,7,1,1,0,F S,Southampton,0,0.7488712817430496,0.9852244034409524,0.6335891038179398,85.78770536339087,17.05475356393096
5061,Kepa,4,360,0,0.0,0,0.0,0,0,0,0,GK,Bournemouth,0,0.0,0.1529271118342876,0.1529271118342876,85.78770536339087,17.05475356393096
5136,Estupiñán,4,232,0,0.0637832600623369,0,0.275780189782381,3,5,1,0,D S,Brighton,0,0.0637832600623369,0.6548665575683117,0.6470213644206524,85.78770536339087,17.05475356393096
5221,Leon Bailey,6,353,0,0.689792500808835,1,1.0958027578890324,6,6,1,0,M S,Aston Villa,0,0.689792500808835,2.0714049711823463,1.3652597516775131,85.78770536339087,17.05475356393096
5304,Mikel Merino,1,26,0,0.0,0,0.0429948009550571,0,1,0,0,S,Arsenal,0,0.0,0.1936666965484619,0.150671899318695,85.78770536339087,17.05475356393096
5543,Gabriel Jesus,5,76,0,0.3895511403679847,0,0.3069093227386474,4,3,2,0,F S,Arsenal,0,0.3895511403679847,0.571106530725956,0.0,85.78770536339087,17.05475356393096
5545,Wilfred Ndidi,7,619,0,0.2646634578704834,4,2.00180222466588,6,7,3,0,M,Leicester,0,0.2646634578704834,3.975900061428547,1.8666183976456523,85.78770536339087,17.05475356393096
5552,Nick Pope,7,630,0,0.0,0,0.0,0,0,0,0,GK,Newcastle United,0,0.0,1.6113543063402176,1.6113543063402176,85.78770536339087,17.05475356393096
5553,Declan Rice,6,499,0,0.321465078741312,0,1.2269136980175972,8,8,2,1,M,Arsenal,0,0.321465078741312,3.2651365250349045,1.9730579555034635,85.78770536339087,17.05475356393096
5560,Scott McTominay,2,15,0,0.1260273307561874,0,0.0,1,0,0,0,S,Manchester United,0,0.1260273307561874,0.1260273307561874,0.0,85.78770536339087,17.05475356393096
5584,Aaron Wan-Bissaka,6,478,0,0.0471609439700841,0,0.3726174272596836,2,7,0,0,D S,West Ham,0,0.0471609439700841,1.0090160071849823,0.8239173591136932,85.78770536339087,17.05475356393096
5590,Tosin Adarabioyo,3,119,0,0.0,0,0.0139205679297447,0,1,0,0,D S,Chelsea,0,0.0,1.0947105288505554,1.0947105288505554,85.78770536339087,17.05475356393096
5596,Harry Wilson,3,29,0,0.0,0,0.0,0,0,1,0,S,Fulham,0,0.0,0.0,0.0,85.78770536339087,17.05475356393096
5603,Aaron Ramsdale,5,450,0,0.0,0,0.0,0,0,0,0,GK,Southampton,0,0.0,0.1092721261084079,0.1092721261084079,85.78770536339087,17.05475356393096
5675,Ismaila Sarr,7,207,0,1.0519000180065632,0,0.9369772523641586,5,5,1,0,F S,Crystal Palace,0,1.0519000180065632,2.412119375541806,0.8456125091761351,85.78770536339087,17.05475356393096
5682,Gonçalo Guedes,4,52,0,0.0185476746410131,0,0.1022010371088981,1,2,0,0,S,Wolverhampton Wanderers,0,0.0185476746410131,0.0558005087077617,0.0,85.78770536339087,17.05475356393096
5712,Diego Carlos,3,259,0,0.0,0,0.0,0,0,0,0,D S,Aston Villa,0,0.0,1.2652086466550827,1.2652086466550827,85.78770536339087,17.05475356393096
5722,Ibrahim Sangare,3,217,0,0.0163659416139125,0,0.0082136588171124,1,1,2,0,M,Nottingham Forest,0,0.0163659416139125,0.6643093824386597,0.639729768037796,85.78770536339087,17.05475356393096
5956,Youri Tielemans,7,627,0,0.248024757951498,2,2.1277118381112814,5,12,1,0,M,Aston Villa,0,0.248024757951498,6.391095280647278,5.473710522055626,85.78770536339087,17.05475356393096
5973,Kenny Tete,7,618,0,1.047858566045761,0,0.0259996447712183,11,1,2,0,D,Fulham,0,1.047858566045761,2.9179272651672363,2.545357719063759,85.78770536339087,17.05475356393096
6026,Richarlison,2,22,0,0.3241162896156311,0,0.0,1,0,0,0,S,Tottenham,0,0.3241162896156311,0.0,0.0,85.78770536339087,17.05475356393096
6034,Philip Billing,2,15,0,0.0,0,0.0,0,0,0,0,S,Bournemouth,0,0.0,0.0370999984443187,0.0370999984443187,85.78770536339087,17.05475356393096
6042,Jan Bednarek,7,625,0,0.0,0,0.1033564433455467,0,2,2,0,D,Southampton,0,0.0,3.0939816534519196,3.0409455373883247,85.78770536339087,17.05475356393096
6044,Charlie Taylor,4,194,0,0.0,0,0.055130336433649,0,1,1,0,D S,Southampton,0,0.0,0.6397589445114136,0.5846286118030548,85.78770536339087,17.05475356393096
6048,Lewis Dunk,7,620,0,0.2060216069221496,0,0.3716043122112751,2,3,2,0,D,Brighton,0,0.2060216069221496,3.494805447757244,3.4765181466937065,85.78770536339087,17.05475356393096
6054,Ederson,7,630,0,0.0,1,0.2012233585119247,0,1,3,0,GK,Manchester City,0,0.0,2.2570916265249252,2.2570916265249252,85.78770536339087,17.05475356393096
6055,Phil Foden,4,151,0,0.274466797709465,0,0.3651607856154442,5,5,0,0,M S,Manchester City,0,0.274466797709465,1.307569533586502,0.8037976957857609,85.78770536339087,17.05475356393096
6063,Jacob Murphy,7,412,0,0.3521084226667881,2,1.066755227744579,5,6,1,0,F S,Newcastle United,0,0.3521084226667881,1.9935786984860897,0.7226479202508926,85.78770536339087,17.05475356393096
6080,Victor Lindelöf,1,41,0,0.0,0,0.0,0,0,1,0,S,Manchester United,0,0.0,0.0229506865143775,0.0229506865143775,85.78770536339087,17.05475356393096
6088,Orel Mangala,4,256,0,0.084158431738615,0,0.0947801172733306,2,1,0,0,M S,Everton,0,0.084158431738615,0.4052625820040703,0.2861833665519953,85.78770536339087,17.05475356393096
6098,Niclas Füllkrug,3,58,0,0.2593321204185486,0,0.0,2,0,0,0,S,West Ham,0,0.2593321204185486,0.3679511845111847,0.1086190789937973,85.78770536339087,17.05475356393096
6104,Will Hughes,6,234,0,0.0461618211120367,0,0.0172790940850973,2,1,3,0,M S,Crystal Palace,0,0.0461618211120367,0.4711670465767383,0.4250052198767662,85.78770536339087,17.05475356393096
6108,Rodrigo Bentancur,6,391,0,0.2163684293627739,0,0.0536068640649318,4,1,3,0,M S,Tottenham,0,0.2163684293627739,3.602212443947792,3.3857216984033585,85.78770536339087,17.05475356393096
6145,Daichi Kamada,7,367,0,0.1958361342549324,0,0.1697668600827455,4,6,1,0,M S,Crystal Palace,0,0.1958361342549324,1.434336637146771,1.2098158057779074,85.78770536339087,17.05475356393096
6157,Timothy Castagne,1,12,0,0.0,0,0.0,0,0,0,0,S,Fulham,0,0.0,0.3371158540248871,0.3371158540248871,85.78770536339087,17.05475356393096
6163,Nélson Semedo,5,426,0,0.0599029762670397,1,0.2395928222686052,3,3,3,0,D,Wolverhampton Wanderers,0,0.0599029762670397,0.978503154590726,0.8057883456349373,85.78770536339087,17.05475356393096
6174,Nikola Milenkovic,6,540,0,0.9499724730849266,1,0.5084549635648727,4,3,0,0,D,Nottingham Forest,0,0.9499724730849266,1.313172023743391,1.1752154380083084,85.78770536339087,17.05475356393096
6219,Enes Ünal,4,41,0,0.2406658865511417,0,0.1688245050609111,4,2,0,0,S,Bournemouth,0,0.2406658865511417,0.2548695895820856,0.0283095110207796,85.78770536339087,17.05475356393096
6221,Pau Torres,7,630,0,0.0,0,0.0188772715628147,0,1,1,0,D,Aston Villa,0,0.0,2.6371615156531334,2.6371615156531334,85.78770536339087,17.05475356393096
6310,Boubakary Soumare,2,11,0,0.0,0,0.0,0,0,1,0,S,Leicester,0,0.0,0.0,0.0,85.78770536339087,17.05475356393096
6314,Joachim Andersen,5,450,0,0.1455100262537598,0,0.1051719188690185,6,1,1,0,D,"Crystal Palace,Fulham",0,0.1455100262537598,3.1884165555238724,3.1711473017930984,85.78770536339087,17.05475356393096
6345,Jadon Sancho,4,271,0,0.1047850474715232,3,1.2044463455677032,1,8,1,0,M S,Chelsea,0,0.1047850474715232,2.365598887205124,1.1425248458981514,85.78770536339087,17.05475356393096
6382,Pedro Neto,7,219,0,0.1233385168015956,1,0.6249339729547501,2,6,2,0,M S,Chelsea,0,0.1233385168015956,1.9031303077936172,1.6289424300193789,85.78770536339087,17.05475356393096
6418,Hamza Choudhury,1,11,0,0.0,0,0.0,0,0,0,0,S,Leicester,0,0.0,0.0,0.0,85.78770536339087,17.05475356393096
6424,Ben Johnson,4,218,0,0.0,1,0.4799985289573669,0,1,0,0,D S,Ipswich,0,0.0,0.5018607750535011,0.0218622460961341,85.78770536339087,17.05475356393096
6482,Eddie Nketiah,4,320,0,0.6503378786146641,0,0.1044820472598075,11,1,1,0,F M,Crystal Palace,0,0.6503378786146641,1.9290315881371496,1.517080307006836,85.78770536339087,17.05475356393096
6490,Manuel Akanji,7,603,0,0.1239090673625469,0,0.1594036817550659,4,5,1,0,D,Manchester City,0,0.1239090673625469,5.19844052195549,5.124260574579239,85.78770536339087,17.05475356393096
6615,Trevoh Chalobah,1,90,0,0.2494519203901291,0,0.0,2,0,0,0,D,Crystal Palace,0,0.2494519203901291,0.1189630180597305,0.0981369018554687,85.78770536339087,17.05475356393096
6630,Joe Willock,5,133,0,0.1945385783910751,1,0.5910615473985672,2,6,0,0,M S,Newcastle United,0,0.1945385783910751,0.8080202490091324,0.4416935443878174,85.78770536339087,17.05475356393096
6665,Curtis Jones,4,141,0,0.2163307890295982,0,0.0990236848592758,3,2,0,0,M S,Liverpool,0,0.2163307890295982,1.4692222606390717,1.1538677718490362,85.78770536339087,17.05475356393096
6722,Konstantinos Mavropanos,6,493,0,0.1960603706538677,0,0.0,6,0,0,0,D S,West Ham,0,0.1960603706538677,1.4344255421310663,1.387519270181656,85.78770536339087,17.05475356393096
6816,Jean-Clair Todibo,4,184,0,0.0988482534885406,0,0.0,2,0,0,0,D S,West Ham,0,0.0988482534885406,0.6888771690428257,0.6888771690428257,85.78770536339087,17.05475356393096
6820,David Brooks,1,6,0,0.0,0,0.1351032853126526,0,1,0,0,S,Bournemouth,0,0.0,0.0195541437715291,0.0195541437715291,85.78770536339087,17.05475356393096
6827,Bobby Reid,5,161,0,0.0276133986189961,0,0.0,2,0,0,0,F M S,Leicester,0,0.0276133986189961,0.4443724863231182,0.4167591035366058,85.78770536339087,17.05475356393096
6835,Tom Cairney,5,83,0,0.0,0,0.3561949729919433,0,1,2,0,S,Fulham,0,0.0,1.1017713844776154,1.1017713844776154,85.78770536339087,17.05475356393096
6850,Willy Boly,2,91,0,0.082951508462429,0,0.0,1,0,0,0,D S,Nottingham Forest,0,0.082951508462429,0.0867140516638755,0.0867140516638755,85.78770536339087,17.05475356393096
6851,Conor Coady,1,4,0,0.0,0,0.0,0,0,1,0,S,Leicester,0,0.0,0.0,0.0,85.78770536339087,17.05475356393096
6852,Matt Doherty,4,204,0,0.0850898697972297,0,0.0946553125977516,2,1,0,0,D S,Wolverhampton Wanderers,0,0.0850898697972297,1.0054470896720886,0.9203572124242784,85.78770536339087,17.05475356393096
6885,Axel Disasi,2,93,0,0.0,0,0.0,0,0,0,0,D S,Chelsea,0,0.0,0.0,0.0,85.78770536339087,17.05475356393096
6888,William Saliba,7,630,0,0.0,0,0.0,0,0,2,0,D,Arsenal,0,0.0,2.7854699790477753,2.7854699790477753,85.78770536339087,17.05475356393096
6903,Matz Sels,7,630,0,0.0,0,0.0,0,0,2,0,GK,Nottingham Forest,0,0.0,0.1688463389873504,0.1688463389873504,85.78770536339087,17.05475356393096
6963,Justin Kluivert,7,380,0,0.6678644511848688,1,0.8259005732834339,10,7,3,0,M S,Bournemouth,0,0.6678644511848688,2.304094824939966,1.1389857362955809,85.78770536339087,17.05475356393096
7027,Arijanet Muric,6,540,0,0.0,0,0.0,0,0,0,0,GK,Ipswich,0,0.0,0.5888994820415974,0.5888994820415974,85.78770536339087,17.05475356393096
7047,Mark Flekken,7,630,0,0.0,0,0.0,0,0,0,0,GK,Brentford,0,0.0,1.0816225158050656,1.0816225158050656,85.78770536339087,17.05475356393096
7078,Sean Longstaff,6,309,0,0.0970475748181343,0,0.0244401078671216,1,1,1,0,M S,Newcastle United,0,0.0970475748181343,0.4538952335715294,0.3568476587533951,85.78770536339087,17.05475356393096
7134,Marc Cucurella,7,614,0,0.0,0,0.0786582008004188,0,1,5,0,D,Chelsea,0,0.0,4.143149718642235,4.143149718642235,85.78770536339087,17.05475356393096
7166,Mathias Jensen,3,245,0,0.1456295559182763,1,0.5951182339340448,2,6,1,0,M,Brentford,0,0.1456295559182763,1.157779352739453,0.5093487054109573,85.78770536339087,17.05475356393096
7198,Oliver Skipp,5,355,0,0.0292144641280174,0,0.1323748063296079,1,3,2,0,M S,Leicester,0,0.0292144641280174,0.7793758697807789,0.6177866039797664,85.78770536339087,17.05475356393096
7235,Jason Steele,2,180,0,0.0,0,0.0,0,0,0,0,GK,Brighton,0,0.0,0.4078828990459442,0.4078828990459442,85.78770536339087,17.05475356393096
7281,Diogo Dalot,7,630,0,0.0218639876693487,1,1.37567288428545,1,7,1,0,D,Manchester United,0,0.0218639876693487,3.396475560963154,2.482080854475498,85.78770536339087,17.05475356393096
7298,Ben White,5,395,0,0.0948054790496826,0,0.0,3,0,0,0,D S,Arsenal,0,0.0948054790496826,1.237111922353506,1.1423063836991787,85.78770536339087,17.05475356393096
7332,Max Kilman,7,630,0,0.5781181529164314,1,0.270176000893116,2,5,3,0,D,West Ham,0,0.5781181529164314,2.066083557903766,1.8440734520554545,85.78770536339087,17.05475356393096
7333,Caleb Okoli,5,450,0,0.334328344091773,0,0.0,3,0,1,0,D,Leicester,0,0.334328344091773,1.119639124721289,1.10093929246068,85.78770536339087,17.05475356393096
7382,Dan Burn,7,630,0,0.5993985533714294,0,0.0766785368323326,5,1,3,0,D,Newcastle United,0,0.5993985533714294,2.8526189252734184,2.8526189252734184,85.78770536339087,17.05475356393096
7420,Miguel Almirón,3,24,0,0.1701400578022003,0,0.1192352399230003,2,1,0,0,S,Newcastle United,0,0.1701400578022003,0.3120196461677551,0.141879603266716,85.78770536339087,17.05475356393096
7438,James Garner,4,251,0,0.0638169646263122,0,0.0155591880902647,2,1,1,0,D S,Everton,0,0.0638169646263122,0.1587675958871841,0.1419804915785789,85.78770536339087,17.05475356393096
7546,Harvey Elliott,1,5,0,0.0,0,0.0,0,0,0,0,S,Liverpool,0,0.0,0.0,0.0,85.78770536339087,17.05475356393096
7582,Mark Travers,1,90,0,0.0,0,0.0,0,0,0,0,GK,Bournemouth,0,0.0,0.1337498277425766,0.1337498277425766,85.78770536339087,17.05475356393096
7589,Wesley Fofana,7,599,0,0.0528734661638736,0,0.4769220426678657,1,4,5,0,D,Chelsea,0,0.0528734661638736,3.419544279575348,3.0407331231981516,85.78770536339087,17.05475356393096
7699,Adam Webster,3,83,0,0.0,0,0.0,0,0,0,0,D S,Brighton,0,0.0,0.5351234897971153,0.5351234897971153,85.78770536339087,17.05475356393096
7702,Dean Henderson,7,630,0,0.0109276687726378,0,0.0,1,0,1,0,GK,Crystal Palace,0,0.0109276687726378,0.4962666761130094,0.4962666761130094,85.78770536339087,17.05475356393096
7723,John McGinn,5,368,0,0.4418043307960033,0,0.0,5,0,1,0,M,Aston Villa,0,0.4418043307960033,2.236679043620825,1.834592256695032,85.78770536339087,17.05475356393096
7768,Mason Mount,3,155,0,0.5107078030705452,0,0.096683818846941,2,4,2,0,M S,Manchester United,0,0.5107078030705452,1.0648856274783611,0.4701629877090454,85.78770536339087,17.05475356393096
7814,Taiwo Awoniyi,4,69,0,0.2234318256378173,0,0.0,2,0,0,0,F S,Nottingham Forest,0,0.2234318256378173,0.3663036823272705,0.1428718566894531,85.78770536339087,17.05475356393096
7904,Caoimhin Kelleher,1,90,0,0.0,0,0.0,0,0,0,0,GK,Liverpool,0,0.0,0.5834342241287231,0.5834342241287231,85.78770536339087,17.05475356393096
7931,Takehiro Tomiyasu,1,3,0,0.1668418496847152,0,0.0,1,0,0,0,S,Arsenal,0,0.1668418496847152,0.0,0.0,85.78770536339087,17.05475356393096
7943,Igor Julio,2,107,0,0.0,0,0.0,0,0,1,0,S,Brighton,0,0.0,0.7980956435203552,0.7980956435203552,85.78770536339087,17.05475356393096
7958,Sandro Tonali,5,229,0,0.4707744903862476,0,0.0803933450952172,5,2,1,0,M S,Newcastle United,0,0.4707744903862476,1.023613914847374,0.7569399774074554,85.78770536339087,17.05475356393096
7988,Billy Gilmour,2,94,0,0.0845430567860603,0,0.0,1,0,0,0,M S,Brighton,0,0.0845430567860603,1.1755258962512016,1.1755258962512016,85.78770536339087,17.05475356393096
8090,Lloyd Kelly,5,209,0,0.1306849271059036,1,0.3348408639431,1,1,1,0,D S,Newcastle United,0,0.1306849271059036,0.6700900942087173,0.3352492302656173,85.78770536339087,17.05475356393096
8204,Neco Williams,7,328,0,0.9754558354616164,0,0.2091190963983535,9,3,3,0,D S,Nottingham Forest,0,0.9754558354616164,1.3020990565419197,0.2388632893562317,85.78770536339087,17.05475356393096
8214,Tyrick Mitchell,7,602,0,0.1981595419347286,1,1.637225054204464,3,9,0,0,D,Crystal Palace,0,0.1981595419347286,3.680661968886852,2.7058831974864006,85.78770536339087,17.05475356393096
8224,William Smallbone,3,224,0,0.2582741677761078,0,0.2060462981462478,4,3,0,0,M,Southampton,0,0.2582741677761078,1.28419678658247,1.1761329732835293,85.78770536339087,17.05475356393096
8252,Nicolás Domínguez,5,168,0,0.0935601443052291,0,0.0178083386272192,2,1,1,0,M S,Nottingham Forest,0,0.0935601443052291,0.3082512021064758,0.1968827219679951,85.78770536339087,17.05475356393096
8267,Guido Rodríguez,7,539,0,0.0820879386737942,0,0.0327210910618305,5,1,2,0,M,West Ham,0,0.0820879386737942,1.1442594639956951,1.1059088446199894,85.78770536339087,17.05475356393096
8285,Sander Berge,5,167,0,0.0,0,0.1880103945732116,0,4,0,0,M S,Fulham,0,0.0,1.146199271082878,0.958188883960247,85.78770536339087,17.05475356393096
8291,Daniel Podence,2,36,0,0.0448911525309085,0,0.0,1,0,0,0,S,Wolverhampton Wanderers,0,0.0448911525309085,0.0448911525309085,0.0,85.78770536339087,17.05475356393096
8327,Bruno Guimarães,7,629,0,0.3533580545336008,1,0.2302632834762334,6,4,2,0,M,Newcastle United,0,0.3533580545336008,1.903843730688095,1.6417425274848938,85.78770536339087,17.05475356393096
8379,Alexis Mac Allister,7,562,0,0.2005214467644691,0,1.0483384132385254,4,8,1,0,M,Liverpool,0,0.2005214467644691,7.075322985649109,6.190293341875076,85.78770536339087,17.05475356393096
8430,Chris Richards,4,349,0,0.1370308995246887,0,0.0,1,0,1,0,D,Crystal Palace,0,0.1370308995246887,0.8461181744933128,0.8461181744933128,85.78770536339087,17.05475356393096
8476,Jarrad Branthwaite,1,90,0,0.0,0,0.0,0,0,0,0,D,Everton,0,0.0,0.3245075941085815,0.3245075941085815,85.78770536339087,17.05475356393096
8496,Tommy Doyle,5,51,0,0.0321596264839172,0,0.0546521702781319,2,2,0,0,S,Wolverhampton Wanderers,0,0.0321596264839172,0.0463777603581547,0.0,85.78770536339087,17.05475356393096
8563,George Hirst,4,48,0,0.5240950584411621,0,0.0231480505317449,2,1,0,0,S,Ipswich,0,0.5240950584411621,0.5472431089729071,0.0411874279379844,85.78770536339087,17.05475356393096
8666,Cheick Oumar Doucoure,3,89,0,0.0797729864716529,0,0.0,2,0,0,0,M S,Crystal Palace,0,0.0797729864716529,1.078822132200003,1.0524602197110653,85.78770536339087,17.05475356393096
8719,Kalvin Phillips,4,311,0,0.0404376368969678,0,0.0180300530046224,2,1,1,0,M,Ipswich,0,0.0404376368969678,0.5923625584691763,0.5705002900213003,85.78770536339087,17.05475356393096
8720,Jack Harrison,7,452,0,0.4388829693198204,0,0.8032882325351238,7,7,0,0,M S,Everton,0,0.4388829693198204,1.2586331833153963,0.2547894176095724,85.78770536339087,17.05475356393096
8756,Dara O&#039;Shea,4,360,0,0.212440475821495,0,0.0,5,0,1,0,D,Ipswich,0,0.212440475821495,0.6639262363314629,0.6639262363314629,85.78770536339087,17.05475356393096
8780,Joël Veltman,6,526,0,0.0827767774462699,0,0.0906816944479942,1,2,1,0,D,Brighton,0,0.0827767774462699,2.8573214635252953,2.735140047967434,85.78770536339087,17.05475356393096
8808,Wataru Endo,2,2,0,0.0,0,0.0222582817077636,0,1,0,0,S,Liverpool,0,0.0,0.1149128600955009,0.1149128600955009,85.78770536339087,17.05475356393096
8831,Iyenoma Destiny Udogie,7,577,0,0.2896483466029167,0,0.0933513641357421,4,3,2,0,D,Tottenham,0,0.2896483466029167,3.619525723159313,3.2972367629408836,85.78770536339087,17.05475356393096
8845,Hee-Chan Hwang,6,250,0,0.0,0,0.2709880284965038,0,2,0,0,M S,Wolverhampton Wanderers,0,0.0,0.9821671061217784,0.7111790776252747,85.78770536339087,17.05475356393096
8852,Konstantinos Tsimikas,4,105,0,0.0264259837567806,0,0.0,1,0,0,0,D S,Liverpool,0,0.0264259837567806,1.468337943777442,1.4419119860976934,85.78770536339087,17.05475356393096
8853,Maxence Lacroix,4,360,0,0.0951456222683191,1,0.6190028935670853,2,3,1,0,D,Crystal Palace,0,0.0951456222683191,0.7423104289919138,0.644173527136445,85.78770536339087,17.05475356393096
8858,Guglielmo Vicario,7,630,0,0.0,0,0.0,0,0,1,0,GK,Tottenham,0,0.0,2.709558941423893,2.709558941423893,85.78770536339087,17.05475356393096
8859,Mikkel Damsgaard,7,472,0,0.6022613607347012,2,1.740874924696982,3,12,0,0,M S,Brentford,0,0.6022613607347012,3.2100002840161324,1.94793788343668,85.78770536339087,17.05475356393096
8864,Matthew Cash,3,190,0,0.0228233952075243,0,0.436320036649704,1,1,0,0,D,Aston Villa,0,0.0228233952075243,0.6024272739887238,0.6024272739887238,85.78770536339087,17.05475356393096
8919,Leif Davis,7,630,0,0.2088239416480064,1,2.1346522495150566,4,17,0,0,D,Ipswich,0,0.2088239416480064,1.044998835772276,0.3212850466370582,85.78770536339087,17.05475356393096
8940,Antonee Robinson,7,630,0,0.1118335016071796,2,0.9560883939266204,3,6,1,0,D,Fulham,0,0.1118335016071796,4.454641681164503,4.15960555896163,85.78770536339087,17.05475356393096
8941,Jacob Ramsey,6,344,0,0.3873048163950443,1,0.897268027998507,6,4,0,0,M S,Aston Villa,0,0.3873048163950443,3.365628518164158,2.583739571273327,85.78770536339087,17.05475356393096
8961,Rúben Dias,7,541,0,0.7068134173750877,0,0.1371267884969711,8,3,3,0,D S,Manchester City,0,0.7068134173750877,4.543386995792389,4.48958158493042,85.78770536339087,17.05475356393096
8965,Vladimir Coufal,4,200,0,0.0298329088836908,0,0.1218288242816925,1,1,0,0,D S,West Ham,0,0.0298329088836908,0.7636226117610931,0.6417937874794006,85.78770536339087,17.05475356393096
9017,Malo Gusto,5,437,0,0.0843630768358707,0,0.074480228126049,4,1,1,0,D,Chelsea,0,0.0843630768358707,1.5644348859786987,1.447682961821556,85.78770536339087,17.05475356393096
9021,Pape Sarr,7,202,0,0.6087412294000387,1,1.1030463706701994,7,4,1,0,M S,Tottenham,0,0.6087412294000387,1.0615094229578972,0.4465670846402645,85.78770536339087,17.05475356393096
9098,Robert Sánchez,7,630,0,0.0,0,0.0,0,0,1,0,GK,Chelsea,0,0.0,2.5940420981496572,2.5940420981496572,85.78770536339087,17.05475356393096
9105,Radu Dragusin,2,94,0,0.0363029092550277,0,0.0,1,0,0,0,D S,Tottenham,0,0.0363029092550277,0.3080315887928009,0.3080315887928009,85.78770536339087,17.05475356393096
9154,Elliot Anderson,7,425,0,0.277282502502203,1,0.1654519597068429,6,5,1,0,M S,Nottingham Forest,0,0.277282502502203,1.4566591158509254,1.1000242605805397,85.78770536339087,17.05475356393096
9156,Kevin Schade,7,380,0,1.092430554330349,0,0.1289115361869335,6,2,0,0,F M S,Brentford,0,1.092430554330349,2.624722760170698,1.4797416888177397,85.78770536339087,17.05475356393096
9251,Christian Walton,1,90,0,0.0,0,0.0,0,0,0,0,GK,Ipswich,0,0.0,0.0,0.0,85.78770536339087,17.05475356393096
9415,Jaden Philogene-Bidace,4,127,0,0.212042361497879,0,0.0,3,0,1,0,M S,Aston Villa,0,0.212042361497879,0.6874157190322876,0.4753733444958925,85.78770536339087,17.05475356393096
9451,Chimuanya Ugochukwu,3,146,0,0.4391141235828399,0,0.1078875958919525,1,2,0,0,M S,Southampton,0,0.4391141235828399,0.1078875958919525,0.0751236081123352,85.78770536339087,17.05475356393096
9453,Moisés Caicedo,7,625,0,0.1736637093126773,1,0.8713139891624451,4,4,2,0,M,Chelsea,0,0.1736637093126773,5.692716985940933,5.014524579048157,85.78770536339087,17.05475356393096
9492,Crysencio Summerville,6,132,0,0.0909566953778266,0,0.4146003723144531,2,2,0,0,F S,West Ham,0,0.0909566953778266,1.101325834169984,0.6100363302975893,85.78770536339087,17.05475356393096
9509,Daniel Jebbison,2,12,0,0.0,0,0.0211734101176261,0,1,0,0,S,Bournemouth,0,0.0,0.0211734101176261,0.0,85.78770536339087,17.05475356393096
9512,Valentino Livramento,7,346,0,0.0,0,0.1234653387218713,0,2,0,0,D S,Newcastle United,0,0.0,1.288457274436951,1.1649919003248217,85.78770536339087,17.05475356393096
9524,Anthony Elanga,7,370,0,0.5205381717532873,1,0.628308892250061,7,8,1,0,M S,Nottingham Forest,0,0.5205381717532873,1.5933480877429247,0.8954018335789442,85.78770536339087,17.05475356393096
9554,Tim Iroegbunam,6,380,0,0.1938968524336815,0,0.0972806364297866,4,2,2,0,M S,Everton,0,0.1938968524336815,1.504760891199112,1.2135834842920303,85.78770536339087,17.05475356393096
9556,William Osula,1,6,0,0.0,0,0.0,0,0,0,0,S,Newcastle United,0,0.0,0.0,0.0,85.78770536339087,17.05475356393096
9676,David Raya,7,630,0,0.0,0,0.0,0,0,1,0,GK,Arsenal,0,0.0,0.8341336026787758,0.8341336026787758,85.78770536339087,17.05475356393096
9677,Kristoffer Ajer,7,558,0,0.373125821352005,0,0.2627436332404613,1,2,2,0,D,Brentford,0,0.373125821352005,1.951794397085905,1.351256426423788,85.78770536339087,17.05475356393096
9680,Vitaly Janelt,7,577,0,0.1267407834529876,1,0.5975808827206492,4,4,1,0,D M,Brentford,0,0.1267407834529876,1.7588374326005578,1.0849472070112824,85.78770536339087,17.05475356393096
9681,Frank Onyeka,2,18,0,0.0,0,0.0,0,0,0,0,S,Brentford,0,0.0,0.0,0.0,85.78770536339087,17.05475356393096
9685,Mads Roerslev,6,253,0,0.0150069436058402,0,0.1452792733907699,1,1,0,0,D S,Brentford,0,0.0150069436058402,0.7275437489151955,0.7275437489151955,85.78770536339087,17.05475356393096
9739,Kiernan Dewsbury-Hall,3,26,0,0.0,0,0.1097568497061729,0,1,0,0,S,Chelsea,0,0.0,0.2226743251085281,0.1129174754023552,85.78770536339087,17.05475356393096
9740,José Sá,2,180,0,0.0,0,0.0241384115070104,0,1,0,0,GK,Wolverhampton Wanderers,0,0.0,0.069029564037919,0.0448911525309085,85.78770536339087,17.05475356393096
9752,Jesper Lindstrom,4,144,0,0.5509167201817036,0,0.6924212872982025,5,3,0,0,M S,Everton,0,0.5509167201817036,1.0379063040018082,0.4261410608887672,85.78770536339087,17.05475356393096
9788,Dominik Szoboszlai,7,543,0,1.1870054248720407,1,1.3863278962671757,12,12,2,0,M S,Liverpool,0,1.1870054248720407,6.754374414682388,4.548761043697596,85.78770536339087,17.05475356393096
9958,Yerson Mosquera,5,448,0,0.4660062603652477,0,0.094501007348299,2,2,2,0,D,Wolverhampton Wanderers,0,0.4660062603652477,1.0699441889300942,0.9818695159628988,85.78770536339087,17.05475356393096
9983,Beto,4,28,0,0.0,0,0.0,0,0,0,0,S,Everton,0,0.0,0.0,0.0,85.78770536339087,17.05475356393096
10004,Romeo Lavia,2,76,0,0.0,0,0.5455207824707031,0,1,0,0,M S,Chelsea,0,0.0,0.6766745448112488,0.1311538070440292,85.78770536339087,17.05475356393096
10012,Jakub Kiwior,2,8,0,0.0,0,0.0,0,0,0,0,S,Arsenal,0,0.0,0.0,0.0,85.78770536339087,17.05475356393096
10025,Lamare Bogarde,2,171,0,0.0,0,0.1534022986888885,0,1,1,0,D,Aston Villa,0,0.0,1.7147477380931375,1.5613454096019268,85.78770536339087,17.05475356393096
10036,Jeremy Sarmiento,1,4,0,0.0,0,0.0,0,0,0,0,S,Brighton,0,0.0,0.0974678918719291,0.0974678918719291,85.78770536339087,17.05475356393096
10050,Micky van de Ven,6,536,0,0.1662581674754619,2,1.1784075498580933,3,2,2,0,D,Tottenham,0,0.1662581674754619,3.595091074705124,2.4166835844516754,85.78770536339087,17.05475356393096
10072,Samuel Edozie,2,57,0,0.0,0,0.0817131176590919,0,1,1,0,S,Southampton,0,0.0,0.6017810702323914,0.5200679302215576,85.78770536339087,17.05475356393096
10120,Conor Bradley,4,63,0,0.6405927538871765,0,0.0,2,0,0,0,S,Liverpool,0,0.6405927538871765,1.5034684296697378,0.8628756459802389,85.78770536339087,17.05475356393096
10126,James McAtee,1,1,0,0.0,0,0.0,0,0,0,0,S,Manchester City,0,0.0,0.0,0.0,85.78770536339087,17.05475356393096
10166,Kasey McAteer,3,5,0,0.0130844917148351,0,0.0,1,0,0,0,S,Leicester,0,0.0130844917148351,0.0462030470371246,0.0462030470371246,85.78770536339087,17.05475356393096
10177,Evan Ferguson,3,7,0,0.0570116080343723,0,0.0,2,0,0,0,S,Brighton,0,0.0570116080343723,0.0327070243656635,0.0,85.78770536339087,17.05475356393096
10184,Archie Gray,3,26,0,0.0,0,0.0,0,0,0,0,S,Tottenham,0,0.0,0.0846512243151664,0.0846512243151664,85.78770536339087,17.05475356393096
10187,Jarell Quansah,1,47,0,0.0,0,0.0,0,0,0,0,D,Liverpool,0,0.0,0.0,0.0,85.78770536339087,17.05475356393096
10216,Lewis Hall,7,422,0,0.0,0,0.547362681478262,0,5,2,0,D S,Newcastle United,0,0.0,3.008540816605091,2.574107013642788,85.78770536339087,17.05475356393096
10291,Vitalii Mykolenko,5,385,0,0.0069263824261724,0,0.3498865906149149,1,2,0,0,D,Everton,0,0.0069263824261724,0.9847879335284232,0.6533539518713951,85.78770536339087,17.05475356393096
10293,Toti,5,450,0,0.011178994551301,1,0.5481940507888794,1,1,2,0,D,Wolverhampton Wanderers,0,0.011178994551301,0.3104927632957697,0.2993137780576944,85.78770536339087,17.05475356393096
10301,Jens Cajuste,2,81,0,0.0195678547024726,0,0.0638226680457592,1,2,0,0,M S,Ipswich,0,0.0195678547024726,0.5954564064741135,0.5316337533295155,85.78770536339087,17.05475356393096
10327,Chiquinho,1,5,0,0.0,0,0.0162079948931932,0,1,0,0,S,Wolverhampton Wanderers,0,0.0,0.0610991492867469,0.0610991492867469,85.78770536339087,17.05475356393096
10348,Omari Hutchinson,7,624,0,0.4044583309441805,1,0.672806590795517,8,4,3,0,M,Ipswich,0,0.4044583309441805,2.4340381175279617,1.5348470024764538,85.78770536339087,17.05475356393096
10696,Noussair Mazraoui,7,569,0,0.2286202386021614,1,0.103731338866055,4,3,1,0,D,Manchester United,0,0.2286202386021614,1.9644430093467236,1.7338342778384686,85.78770536339087,17.05475356393096
10697,Ryan Gravenberch,7,630,0,0.0908291414380073,0,0.5979742519557476,3,4,2,0,M,Liverpool,0,0.0908291414380073,5.7581493481993675,5.616278402507305,85.78770536339087,17.05475356393096
10718,Jay Stansfield,1,1,0,0.0,0,0.0,0,0,0,0,S,Fulham,0,0.0,0.0,0.0,85.78770536339087,17.05475356393096
10721,Sepp van den Berg,5,372,0,0.4011838436126709,0,0.0682086236774921,3,2,0,0,D S,Brentford,0,0.4011838436126709,1.6408457839861512,1.296433419920504,85.78770536339087,17.05475356393096
10744,Ryan Christie,7,458,0,0.1749412938952446,0,0.3965711910277605,5,9,3,0,M S,Bournemouth,0,0.1749412938952446,2.1975858211517334,1.6895680911839008,85.78770536339087,17.05475356393096
10758,Harry Toffolo,1,25,0,0.0225998293608427,0,0.0,1,0,0,0,S,Nottingham Forest,0,0.0225998293608427,0.0225998293608427,0.0,85.78770536339087,17.05475356393096
10764,Djed Spence,3,54,0,0.0,0,0.0,0,0,1,0,S,Tottenham,0,0.0,0.0,0.0,85.78770536339087,17.05475356393096
10766,Joe Ayodele-Aribo,6,368,0,0.7443617936223745,0,0.6153282951563597,4,3,0,0,M S,Southampton,0,0.7443617936223745,1.4361832812428474,0.8844081722199917,85.78770536339087,17.05475356393096
10802,Lisandro Martínez,6,531,0,1.107113480567932,0,0.0929246805608272,6,2,3,0,D,Manchester United,0,1.107113480567932,3.560662865638733,2.816202901303768,85.78770536339087,17.05475356393096
10805,Levi Colwill,7,630,0,0.5072240829467773,0,0.603882965631783,2,2,2,0,D,Chelsea,0,0.5072240829467773,5.001574382185936,4.41226027905941,85.78770536339087,17.05475356393096
10807,Jan Paul van Hecke,5,450,0,0.0628033429384231,1,0.2966775298118591,2,1,1,0,D,Brighton,0,0.0628033429384231,1.9584348648786545,1.9412052631378176,85.78770536339087,17.05475356393096
10809,Keane Lewis-Potter,7,453,0,0.4531246516853571,1,0.4042675606906414,6,4,1,0,D M S,Brentford,0,0.4531246516853571,0.8186988532543182,0.0,85.78770536339087,17.05475356393096
10822,Wilson Odobert,3,167,0,0.7416317705065012,0,0.050035580061376,6,3,0,0,F S,Tottenham,0,0.7416317705065012,1.5612449571490288,0.8033932447433472,85.78770536339087,17.05475356393096
10845,Flynn Downes,7,630,0,0.1367632579058408,0,1.1782826818525791,4,11,3,0,M,Southampton,0,0.1367632579058408,2.8893415108323097,2.1863229013979435,85.78770536339087,17.05475356393096
10847,Rico Lewis,6,493,0,1.033872827887535,2,0.1415540613234043,4,3,0,0,D M,Manchester City,0,1.033872827887535,3.6899926774203777,2.6340301148593426,85.78770536339087,17.05475356393096
10864,Marcos Senesi,5,438,0,0.0,0,0.1799323335289955,0,3,3,0,D,Bournemouth,0,0.0,1.5543539822101593,1.374421663582325,85.78770536339087,17.05475356393096
10913,André Onana,7,630,0,0.0,0,0.0,0,0,0,0,GK,Manchester United,0,0.0,1.4883167296648026,1.4883167296648026,85.78770536339087,17.05475356393096
10945,Santiago Bueno,2,83,0,0.0,0,0.0,0,0,0,0,D S,Wolverhampton Wanderers,0,0.0,0.0753610506653785,0.0753610506653785,85.78770536339087,17.05475356393096
11000,Matheus Nunes,4,19,0,0.0,1,0.3301194310188293,0,1,0,0,S,Manchester City,0,0.0,0.3301194310188293,0.0,85.78770536339087,17.05475356393096
11003,Ryan Yates,7,439,0,0.5455486681312323,0,0.3071970287710428,8,4,2,0,M S,Nottingham Forest,0,0.5455486681312323,1.726064816117287,0.8733191341161728,85.78770536339087,17.05475356393096
11055,Rasmus Højlund,3,93,0,0.0,0,0.0,0,0,0,0,F S,Manchester United,0,0.0,0.0,0.0,85.78770536339087,17.05475356393096
11058,Julio Enciso,5,56,0,0.1445628218352794,0,0.2429548185318708,4,3,0,0,S,Brighton,0,0.1445628218352794,0.3214662987738848,0.0626212507486343,85.78770536339087,17.05475356393096
11094,Antony,2,24,0,0.0557438544929027,0,0.1260273307561874,2,1,0,0,S,Manchester United,0,0.0557438544929027,0.148978017270565,0.0,85.78770536339087,17.05475356393096
11132,Ethan Nwaneri,2,3,0,0.0208247583359479,0,0.1044448390603065,1,1,0,0,S,Arsenal,0,0.0208247583359479,0.1767537891864776,0.0514841862022876,85.78770536339087,17.05475356393096
11146,Ryan Trevitt,1,1,0,0.0,0,0.0,0,0,0,0,S,Brentford,0,0.0,0.0,0.0,85.78770536339087,17.05475356393096
11167,Chadi Riad,1,90,0,0.0,0,0.0,0,0,0,0,D,Crystal Palace,0,0.0,0.3966957628726959,0.3966957628726959,85.78770536339087,17.05475356393096
11174,Kobbie Mainoo,7,577,0,0.117235105484724,0,0.6999991163611412,4,3,4,0,M,Manchester United,0,0.117235105484724,1.8604432865977287,1.043209094554186,85.78770536339087,17.05475356393096
11296,Cody Gakpo,7,189,0,0.7016786001622677,1,1.3038291335105896,6,9,2,0,M S,Liverpool,0,0.7016786001622677,2.543743608519435,1.1671620029956102,85.78770536339087,17.05475356393096
11297,Carlos Alcaraz,1,5,0,0.0393431074917316,0,0.0502568297088146,1,1,0,0,S,Southampton,0,0.0393431074917316,0.0720905885100364,0.0327474772930145,85.78770536339087,17.05475356393096
11305,Mykhailo Mudryk,4,80,0,0.0,0,1.0799011290073397,0,2,0,0,M S,Chelsea,0,0.0,1.351659707725048,0.2717585638165474,85.78770536339087,17.05475356393096
11310,Brajan Gruda,1,1,0,0.0,0,0.0,0,0,0,0,S,Brighton,0,0.0,0.0,0.0,85.78770536339087,17.05475356393096
11317,Danilo,1,14,0,0.0,0,0.0,0,0,0,0,M,Nottingham Forest,0,0.0,0.0,0.0,85.78770536339087,17.05475356393096
11356,Enzo Fernández,6,525,0,0.2614936530590057,0,0.7120375018566847,4,8,1,0,M,Chelsea,0,0.2614936530590057,3.611479302868247,2.776099132373929,85.78770536339087,17.05475356393096
11360,Paul Onuachu,1,13,0,0.0,0,0.0,0,0,0,0,S,Southampton,0,0.0,0.0,0.0,85.78770536339087,17.05475356393096
11367,Victor Kristiansen,7,629,0,0.0,0,0.2073284909129142,0,5,1,0,D,Leicester,0,0.0,2.0409250892698765,2.0222252644598484,85.78770536339087,17.05475356393096
11383,Renato Veiga,4,107,0,0.0682138204574585,0,0.0,2,0,1,0,M S,Chelsea,0,0.0682138204574585,0.6883602887392044,0.6744397431612015,85.78770536339087,17.05475356393096
11384,João Gomes,7,586,0,0.0952654518187046,0,0.035907432436943,4,1,3,0,M,Wolverhampton Wanderers,0,0.0952654518187046,2.158506602048874,2.0791941825300455,85.78770536339087,17.05475356393096
11385,Yasin Ayari,5,191,0,0.5261902287602425,0,0.1009634621441364,6,2,0,0,M S,Brighton,0,0.5261902287602425,1.136510979384184,0.7204484455287457,85.78770536339087,17.05475356393096
11486,Illia Zabarnyi,7,630,0,0.4036499857902527,0,0.061547540128231,2,1,0,0,D,Bournemouth,0,0.4036499857902527,1.723597452044487,1.662049911916256,85.78770536339087,17.05475356393096
11618,Samuel Amo-Ameyaw,1,5,0,0.0327474772930145,0,0.0393431074917316,1,1,0,0,S,Southampton,0,0.0327474772930145,0.0720905885100364,0.0,85.78770536339087,17.05475356393096
11633,Marc Guiu,1,17,0,0.0,0,0.0,0,0,0,0,S,Chelsea,0,0.0,0.0,0.0,85.78770536339087,17.05475356393096
11707,Jurriën Timber,6,460,0,0.2599540874361992,1,0.6089619100093842,4,8,2,0,D S,Arsenal,0,0.2599540874361992,1.5493071414530275,1.2611527405679226,85.78770536339087,17.05475356393096
11709,Milos Kerkez,7,583,0,0.0931410379707813,0,0.1854571886360645,5,4,2,0,D,Bournemouth,0,0.0931410379707813,0.7861695140600204,0.7216856591403484,85.78770536339087,17.05475356393096
11711,Bart Verbruggen,5,450,0,0.0,0,0.0,0,0,2,0,GK,Brighton,0,0.0,1.2319492232054472,1.2319492232054472,85.78770536339087,17.05475356393096
11719,Chiedozie Ogbene,4,203,0,0.0,0,0.0733897127211093,0,2,0,0,M S,Ipswich,0,0.0,0.0863979430869221,0.0130082303658127,85.78770536339087,17.05475356393096
11728,Calvin Bassey,7,630,0,0.2100134780630469,0,0.0,4,0,2,0,D,Fulham,0,0.2100134780630469,3.1648623570799828,3.1498154029250145,85.78770536339087,17.05475356393096
11735,Sávio,5,313,0,0.635842852294445,2,1.0279528480023146,7,8,1,0,F M S,Manchester City,0,0.635842852294445,2.169729501008987,0.7314405366778374,85.78770536339087,17.05475356393096
11745,Julián Araujo,5,270,0,0.0,0,0.0,0,0,0,0,D S,Bournemouth,0,0.0,1.0303332135081291,1.0303332135081291,85.78770536339087,17.05475356393096
11766,Manuel Ugarte,3,105,0,0.0,0,0.0,0,0,1,0,M S,Manchester United,0,0.0,0.7272455245256424,0.7272455245256424,85.78770536339087,17.05475356393096
11772,Yehor Yarmolyuk,4,106,0,0.0908862128853797,0,0.0157519541680812,2,1,1,0,M S,Brentford,0,0.0908862128853797,0.3358436338603496,0.2292054668068885,85.78770536339087,17.05475356393096
11807,Ian Maatsen,7,87,0,0.0100483559072017,0,0.6370638310909271,1,6,0,0,S,Aston Villa,0,0.0100483559072017,1.9753518626093864,1.58972701523453,85.78770536339087,17.05475356393096
11815,Ben Brereton Díaz,6,393,0,1.2573270052671432,0,0.1556207612156868,10,3,1,0,F M S,Southampton,0,1.2573270052671432,1.9474254176020624,0.5646974295377731,85.78770536339087,17.05475356393096
11926,Edson Álvarez,5,247,0,0.045813288539648,0,0.1549558481201529,2,4,2,0,D M S,West Ham,0,0.045813288539648,0.7255334034562111,0.5247642565518618,85.78770536339087,17.05475356393096
11943,Dean Huijsen,3,192,0,0.0731285884976387,0,0.078848946839571,1,3,1,0,D S,Bournemouth,0,0.0731285884976387,0.7582274060696363,0.6793785113841295,85.78770536339087,17.05475356393096
12014,Jake O&#039;Brien,1,19,0,0.0,0,0.0,0,0,1,0,S,Everton,0,0.0,0.1042647957801818,0.1042647957801818,85.78770536339087,17.05475356393096
12123,Murillo,7,630,0,0.0524149164557457,0,0.2086175754666328,2,4,1,0,D,Nottingham Forest,0,0.0524149164557457,1.6078942567110062,1.42260679602623,85.78770536339087,17.05475356393096
12149,Alex Scott,7,194,0,0.0798612916842103,0,0.1254702173173427,3,3,0,0,M S,Bournemouth,0,0.0798612916842103,1.484940462745726,1.2796089947223663,85.78770536339087,17.05475356393096
12272,Myles Lewis-Skelly,1,1,0,0.0,0,0.0,0,0,1,0,S,Arsenal,0,0.0,0.0,0.0,85.78770536339087,17.05475356393096
12408,Daniel Muñoz,7,550,0,0.49699267745018,0,0.228371325880289,4,6,1,0,D,Crystal Palace,0,0.49699267745018,2.461394779384136,1.9582888260483744,85.78770536339087,17.05475356393096
12409,Adam Wharton,7,545,0,0.1475085373967886,0,0.6202060170471668,7,8,0,0,M,Crystal Palace,0,0.1475085373967886,2.177584921941161,1.6853581918403506,85.78770536339087,17.05475356393096
12461,Toby Collyer,1,39,0,0.0,0,0.0173933897167444,0,1,0,0,S,Manchester United,0,0.0,0.5418434739112854,0.5244500637054443,85.78770536339087,17.05475356393096
12603,Mikey Moore,3,13,0,0.0523733422160148,0,0.0,1,0,0,0,S,Tottenham,0,0.0523733422160148,0.0523733422160148,0.0,85.78770536339087,17.05475356393096
12633,Yunus Konak,3,12,0,0.1090388596057891,0,0.0,1,0,0,0,S,Brentford,0,0.1090388596057891,0.1090388596057891,0.0,85.78770536339087,17.05475356393096
12745,Jacob Greaves,7,630,0,0.7821923438459635,0,0.0,5,0,1,0,D,Ipswich,0,0.7821923438459635,1.5700285583734512,1.5700285583734512,85.78770536339087,17.05475356393096
12746,Luke Woolfenden,3,270,0,0.0580514557659626,0,0.0,1,0,1,0,D,Ipswich,0,0.0580514557659626,0.0,0.0,85.78770536339087,17.05475356393096
12747,Massimo Luongo,4,146,0,0.0,0,0.0,0,0,0,0,M S,Ipswich,0,0.0,0.0,0.0,85.78770536339087,17.05475356393096
12749,Wes Burns,5,291,0,0.1339574381709098,0,1.0218492448329926,2,3,1,0,M S,Ipswich,0,0.1339574381709098,1.2862922996282578,0.6049792505800724,85.78770536339087,17.05475356393096
12750,Conor Chaplin,6,88,0,0.0,0,0.0892020389437675,0,1,0,0,M S,Ipswich,0,0.0,0.2585894390940666,0.169387400150299,85.78770536339087,17.05475356393096
12751,Ali Al-Hamadi,3,24,0,0.0,0,0.0571401305496692,0,1,2,0,S,Ipswich,0,0.0,0.0571401305496692,0.0571401305496692,85.78770536339087,17.05475356393096
12753,Marcus Harness,2,37,0,0.0,0,0.0,0,0,0,0,S,Ipswich,0,0.0,0.0,0.0,85.78770536339087,17.05475356393096
12754,Jack Taylor,5,95,0,0.0556202875450253,0,0.0,3,0,1,0,S,Ipswich,0,0.0556202875450253,1.252867504954338,1.239859275519848,85.78770536339087,17.05475356393096
12756,Rodrigo Gomes,3,102,0,0.048447580076754,0,0.0,2,0,0,0,M S,Wolverhampton Wanderers,0,0.048447580076754,0.048447580076754,0.0,85.78770536339087,17.05475356393096
12757,Harrison Armstrong,1,1,0,0.0,0,0.0,0,0,0,0,S,Everton,0,0.0,0.0,0.0,85.78770536339087,17.05475356393096
12758,Mats Wieffer,4,193,0,0.0,1,0.1605489235371351,0,3,0,0,M S,Brighton,0,0.0,1.3108900748193264,1.150341123342514,85.78770536339087,17.05475356393096
12766,Jota Silva,6,102,0,0.351528525352478,1,0.5596854221075773,3,3,1,0,S,Nottingham Forest,0,0.351528525352478,0.5791245233267546,0.0,85.78770536339087,17.05475356393096
12774,Andy Irving,2,17,0,0.0210413821041584,0,0.0,1,0,1,0,S,West Ham,0,0.0210413821041584,0.0841361433267593,0.0630947649478912,85.78770536339087,17.05475356393096
12775,Kosta Nedeljkovic,3,89,0,0.0,0,0.0,0,0,0,0,S,Aston Villa,0,0.0,0.1670051552355289,0.1670051552355289,85.78770536339087,17.05475356393096
12910,Mads Hermansen,7,630,0,0.0,0,0.0,0,0,0,0,GK,Leicester,0,0.0,0.9139894172549248,0.9139894172549248,85.78770536339087,17.05475356393096
12911,Abdul Fatawu,7,272,0,0.1489264443516731,1,0.5787639617919922,7,2,0,0,D M S,Leicester,0,0.1489264443516731,1.1021119197830558,0.4084704667329788,85.78770536339087,17.05475356393096
12912,Lucas Bergvall,5,31,0,0.1379248462617397,0,0.3241162896156311,2,1,0,0,S,Tottenham,0,0.1379248462617397,0.1379248462617397,0.0,85.78770536339087,17.05475356393096
12946,Roman Dixon,1,90,0,0.0,0,0.0,0,0,0,0,D,Everton,0,0.0,0.0885984823107719,0.0885984823107719,85.78770536339087,17.05475356393096
12947,George Edmundson,1,1,0,0.0,0,0.0,0,0,0,0,S,Ipswich,0,0.0,0.0,0.0,85.78770536339087,17.05475356393096
12948,Mateus Fernandes,6,379,0,0.9278482645750046,1,1.0376603081822395,4,5,1,0,M S,Southampton,0,0.9278482645750046,2.810775548219681,0.8452669680118561,85.78770536339087,17.05475356393096
13019,Jack Clarke,5,227,0,0.41725236736238,1,0.7805557623505592,5,5,1,0,M S,Ipswich,0,0.41725236736238,1.3027751203626394,0.2639392539858818,85.78770536339087,17.05475356393096
13020,Bilal El Khannouss,3,80,0,0.0474098362028598,0,0.0785733461380004,1,2,0,0,M S,Leicester,0,0.0474098362028598,0.2163962014019489,0.0904130116105079,85.78770536339087,17.05475356393096
13022,André,5,322,0,0.053701258264482,0,0.1239355225116014,2,3,2,0,M S,Wolverhampton Wanderers,0,0.053701258264482,0.7738997526466846,0.6386866010725498,85.78770536339087,17.05475356393096
13026,Luis Guilherme,1,1,0,0.0,0,0.0,0,0,0,0,S,West Ham,0,0.0,0.0,0.0,85.78770536339087,17.05475356393096
13060,Ross Stewart,4,120,0,0.1297784633934497,0,0.0,2,0,1,0,F S,Southampton,0,0.1297784633934497,0.1929480768740177,0.1378177404403686,85.78770536339087,17.05475356393096
13066,Ferdi Kadioglu,3,146,0,0.0390981808304786,0,0.1420913832262158,1,4,0,0,D S,Brighton,0,0.0390981808304786,0.7235344424843788,0.5936049073934555,85.78770536339087,17.05475356393096
13068,Morato,3,27,0,0.0,0,0.0,0,0,0,0,S,Nottingham Forest,0,0.0,0.0,0.0,85.78770536339087,17.05475356393096
13092,Carlos Forbs,3,107,0,0.1107324287295341,0,0.0350774861872196,1,1,2,0,M S,Wolverhampton Wanderers,0,0.1107324287295341,0.2853701189160347,0.1395602077245712,85.78770536339087,17.05475356393096
13103,Vítezslav Jaros,1,9,0,0.0,0,0.0,0,0,0,0,S,Liverpool,0,0.0,0.0,0.0,85.78770536339087,17.05475356393096
13134,Ryan Manning,1,77,0,0.0,0,0.0,0,0,0,0,D,Southampton,0,0.0,0.0770623460412025,0.0770623460412025,85.78770536339087,17.05475356393096
